[
  {
    "id": "/subscriptions/5173a77b-b2e8-46d5-badf-fc1b47f7e467/resourceGroups/thesis/providers/Microsoft.Resources/deployments/microsoft.aks-20200222182642/operations/EC6697B8D59B11FD",
    "operationId": "EC6697B8D59B11FD",
    "properties": {
      "provisioningOperation": "Create",
      "provisioningState": "Succeeded",
      "timestamp": "2020-02-22T18:44:02.8427357Z",
      "duration": "PT21.1335496S",
      "trackingId": "27563821-bc91-4881-83ee-c55dd6dd67ce",
      "statusCode": "OK",
      "targetResource": {
        "id": "/subscriptions/5173a77b-b2e8-46d5-badf-fc1b47f7e467/resourceGroups/thesis/providers/Microsoft.Resources/deployments/ClusterMonitoringMetricPulisherRoleAssignmentDepl-20200222183331",
        "resourceType": "Microsoft.Resources/deployments",
        "resourceName": "ClusterMonitoringMetricPulisherRoleAssignmentDepl-20200222183331"
      }
    }
  },
  {
    "id": "/subscriptions/5173a77b-b2e8-46d5-badf-fc1b47f7e467/resourceGroups/thesis/providers/Microsoft.Resources/deployments/microsoft.aks-20200222182642/operations/D75F15C41B9544CF",
    "operationId": "D75F15C41B9544CF",
    "properties": {
      "provisioningOperation": "Create",
      "provisioningState": "Succeeded",
      "timestamp": "2020-02-22T18:43:41.6636457Z",
      "duration": "PT7M51.8536481S",
      "trackingId": "ed262b97-1550-4f7a-bd79-b156b52d3baf",
      "statusCode": "OK",
      "targetResource": {
        "id": "/subscriptions/5173a77b-b2e8-46d5-badf-fc1b47f7e467/resourceGroups/thesis/providers/Microsoft.ContainerService/managedClusters/thesis",
        "resourceType": "Microsoft.ContainerService/managedClusters",
        "resourceName": "thesis"
      }
    }
  },
  {
    "id": "/subscriptions/5173a77b-b2e8-46d5-badf-fc1b47f7e467/resourceGroups/thesis/providers/Microsoft.Resources/deployments/microsoft.aks-20200222182642/operations/A6AAC644759389F8",
    "operationId": "A6AAC644759389F8",
    "properties": {
      "provisioningOperation": "Create",
      "provisioningState": "Succeeded",
      "timestamp": "2020-02-22T18:36:57.933062Z",
      "duration": "PT1M8.1230644S",
      "trackingId": "eadbaf51-db42-47a0-9980-57047a25c775",
      "statusCode": "OK",
      "targetResource": {
        "id": "/subscriptions/5173a77b-b2e8-46d5-badf-fc1b47f7e467/resourceGroups/DefaultResourceGroup-SUK/providers/Microsoft.Resources/deployments/SolutionDeployment-20200222183331",
        "resourceType": "Microsoft.Resources/deployments",
        "resourceName": "SolutionDeployment-20200222183331"
      }
    }
  },
  {
    "id": "/subscriptions/5173a77b-b2e8-46d5-badf-fc1b47f7e467/resourceGroups/thesis/providers/Microsoft.Resources/deployments/microsoft.aks-20200222182642/operations/DE041828DE42630D",
    "operationId": "DE041828DE42630D",
    "properties": {
      "provisioningOperation": "Create",
      "provisioningState": "Succeeded",
      "timestamp": "2020-02-22T18:35:49.7290376Z",
      "duration": "PT1M43.643525S",
      "trackingId": "a65c5f58-dbb5-49ec-b5a3-513ef59d883c",
      "statusCode": "OK",
      "targetResource": {
        "id": "/subscriptions/5173a77b-b2e8-46d5-badf-fc1b47f7e467/resourceGroups/DefaultResourceGroup-SUK/providers/Microsoft.Resources/deployments/WorkspaceDeployment-20200222183331",
        "resourceType": "Microsoft.Resources/deployments",
        "resourceName": "WorkspaceDeployment-20200222183331"
      }
    }
  },
  {
    "id": "/subscriptions/5173a77b-b2e8-46d5-badf-fc1b47f7e467/resourceGroups/thesis/providers/Microsoft.Resources/deployments/microsoft.aks-20200222182642/operations/08586192104463451020",
    "operationId": "08586192104463451020",
    "properties": {
      "provisioningOperation": "EvaluateDeploymentOutput",
      "provisioningState": "Succeeded",
      "timestamp": "2020-02-22T18:44:02.9789196Z",
      "duration": "PT0.0870295S",
      "trackingId": "564a936b-7e6a-4de8-9c6f-867433771313",
      "statusCode": "OK",
      "statusMessage": null
    }
  }
]