{
  "id": "/subscriptions/5173a77b-b2e8-46d5-badf-fc1b47f7e467/resourceGroups/thesis/providers/Microsoft.Resources/deployments/microsoft.aks-20200222182642",
  "name": "microsoft.aks-20200222182642",
  "type": "Microsoft.Resources/deployments",
  "tags": {
    "primaryResourceId": "/subscriptions/5173a77b-b2e8-46d5-badf-fc1b47f7e467/resourcegroups/thesis/providers/Microsoft.ContainerService/managedClusters/thesis",
    "marketplaceItemId": "microsoft.aks"
  },
  "properties": {
    "templateHash": "1478686008399271184",
    "parameters": {
      "resourceName": {
        "type": "String",
        "value": "thesis"
      },
      "location": {
        "type": "String",
        "value": "uksouth"
      },
      "dnsPrefix": {
        "type": "String",
        "value": "thesis-dns"
      },
      "osDiskSizeGB": {
        "type": "Int",
        "value": 0
      },
      "agentCount": {
        "type": "Int",
        "value": 1
      },
      "agentVMSize": {
        "type": "String",
        "value": "Standard_B2s"
      },
      "servicePrincipalClientId": {
        "type": "SecureString"
      },
      "servicePrincipalClientSecret": {
        "type": "SecureString"
      },
      "osType": {
        "type": "String",
        "value": "Linux"
      },
      "kubernetesVersion": {
        "type": "String",
        "value": "1.14.8"
      },
      "networkPlugin": {
        "type": "String",
        "value": "kubenet"
      },
      "maxPods": {
        "type": "Int",
        "value": 30
      },
      "enableRBAC": {
        "type": "Bool",
        "value": false
      },
      "vmssNodePool": {
        "type": "Bool",
        "value": false
      },
      "windowsProfile": {
        "type": "Bool",
        "value": false
      },
      "aadSessionKey": {
        "type": "SecureString"
      },
      "enableHttpApplicationRouting": {
        "type": "Bool",
        "value": true
      },
      "enableOmsAgent": {
        "type": "Bool",
        "value": true
      },
      "workspaceRegion": {
        "type": "String",
        "value": "uksouth"
      },
      "workspaceName": {
        "type": "String",
        "value": "DefaultWorkspace-5173a77b-b2e8-46d5-badf-fc1b47f7e467-SUK"
      },
      "omsWorkspaceId": {
        "type": "String",
        "value": "/subscriptions/5173a77b-b2e8-46d5-badf-fc1b47f7e467/resourceGroups/DefaultResourceGroup-SUK/providers/Microsoft.OperationalInsights/workspaces/DefaultWorkspace-5173a77b-b2e8-46d5-badf-fc1b47f7e467-SUK"
      },
      "omsSku": {
        "type": "String",
        "value": "standalone"
      },
      "principalId": {
        "type": "String",
        "value": "9af36e0a-db64-4558-93e6-9b05cc222c84"
      }
    },
    "mode": "Incremental",
    "debugSetting": {
      "detailLevel": "None"
    },
    "provisioningState": "Succeeded",
    "timestamp": "2020-02-22T18:44:03.0080472Z",
    "duration": "PT10M3.8754992S",
    "correlationId": "5a78ef0a-0367-4a86-a59b-1e859b9f2fcb",
    "providers": [
      {
        "namespace": "Microsoft.ContainerService",
        "resourceTypes": [
          {
            "resourceType": "managedClusters",
            "locations": [
              "uksouth"
            ]
          }
        ]
      },
      {
        "namespace": "Microsoft.Resources",
        "resourceTypes": [
          {
            "resourceType": "deployments",
            "locations": [
              null
            ]
          }
        ]
      }
    ],
    "dependencies": [
      {
        "dependsOn": [
          {
            "id": "/subscriptions/5173a77b-b2e8-46d5-badf-fc1b47f7e467/resourceGroups/DefaultResourceGroup-SUK/providers/Microsoft.Resources/deployments/WorkspaceDeployment-20200222183331",
            "resourceType": "Microsoft.Resources/deployments",
            "resourceName": "WorkspaceDeployment-20200222183331"
          }
        ],
        "id": "/subscriptions/5173a77b-b2e8-46d5-badf-fc1b47f7e467/resourceGroups/thesis/providers/Microsoft.ContainerService/managedClusters/thesis",
        "resourceType": "Microsoft.ContainerService/managedClusters",
        "resourceName": "thesis"
      },
      {
        "dependsOn": [
          {
            "id": "/subscriptions/5173a77b-b2e8-46d5-badf-fc1b47f7e467/resourceGroups/DefaultResourceGroup-SUK/providers/Microsoft.Resources/deployments/WorkspaceDeployment-20200222183331",
            "resourceType": "Microsoft.Resources/deployments",
            "resourceName": "WorkspaceDeployment-20200222183331"
          }
        ],
        "id": "/subscriptions/5173a77b-b2e8-46d5-badf-fc1b47f7e467/resourceGroups/DefaultResourceGroup-SUK/providers/Microsoft.Resources/deployments/SolutionDeployment-20200222183331",
        "resourceType": "Microsoft.Resources/deployments",
        "resourceName": "SolutionDeployment-20200222183331"
      },
      {
        "dependsOn": [
          {
            "id": "/subscriptions/5173a77b-b2e8-46d5-badf-fc1b47f7e467/resourceGroups/thesis/providers/Microsoft.ContainerService/managedClusters/thesis",
            "resourceType": "Microsoft.ContainerService/managedClusters",
            "resourceName": "thesis"
          }
        ],
        "id": "/subscriptions/5173a77b-b2e8-46d5-badf-fc1b47f7e467/resourceGroups/thesis/providers/Microsoft.Resources/deployments/ClusterMonitoringMetricPulisherRoleAssignmentDepl-20200222183331",
        "resourceType": "Microsoft.Resources/deployments",
        "resourceName": "ClusterMonitoringMetricPulisherRoleAssignmentDepl-20200222183331"
      }
    ],
    "outputs": {
      "controlPlaneFQDN": {
        "type": "String",
        "value": "thesis-dns-996ce3ae.hcp.uksouth.azmk8s.io"
      }
    },
    "outputResources": [
      {
        "id": "/subscriptions/5173a77b-b2e8-46d5-badf-fc1b47f7e467/resourceGroups/DefaultResourceGroup-SUK/providers/Microsoft.OperationalInsights/workspaces/DefaultWorkspace-5173a77b-b2e8-46d5-badf-fc1b47f7e467-SUK"
      },
      {
        "id": "/subscriptions/5173a77b-b2e8-46d5-badf-fc1b47f7e467/resourceGroups/DefaultResourceGroup-SUK/providers/Microsoft.OperationsManagement/solutions/ContainerInsights(DefaultWorkspace-5173a77b-b2e8-46d5-badf-fc1b47f7e467-SUK)"
      },
      {
        "id": "/subscriptions/5173a77b-b2e8-46d5-badf-fc1b47f7e467/resourceGroups/thesis/providers/Microsoft.ContainerService/managedClusters/thesis"
      },
      {
        "id": "/subscriptions/5173a77b-b2e8-46d5-badf-fc1b47f7e467/resourceGroups/thesis/providers/Microsoft.ContainerService/managedClusters/thesis/providers/Microsoft.Authorization/roleAssignments/42c12bfb-8ee3-43e5-905f-72e696098e10"
      }
    ],
    "validationLevel": "Template"
  }
}