[
  {
    "id": "/subscriptions/5173a77b-b2e8-46d5-badf-fc1b47f7e467/resourceGroups/MC_thesis_thesis_uksouth/providers/Microsoft.Resources/deployments/Microsoft.ContainerInstances-20200222190120/operations/A42AD301182996BF",
    "operationId": "A42AD301182996BF",
    "properties": {
      "provisioningOperation": "Create",
      "provisioningState": "Succeeded",
      "timestamp": "2020-02-22T19:03:05.1980125Z",
      "duration": "PT1M9.3449278S",
      "trackingId": "1a4f25fc-d3fd-4643-948d-92dd99031bb8",
      "statusCode": "OK",
      "targetResource": {
        "id": "/subscriptions/5173a77b-b2e8-46d5-badf-fc1b47f7e467/resourceGroups/MC_thesis_thesis_uksouth/providers/Microsoft.ContainerInstance/containerGroups/thesis",
        "resourceType": "Microsoft.ContainerInstance/containerGroups",
        "resourceName": "thesis"
      }
    }
  },
  {
    "id": "/subscriptions/5173a77b-b2e8-46d5-badf-fc1b47f7e467/resourceGroups/MC_thesis_thesis_uksouth/providers/Microsoft.Resources/deployments/Microsoft.ContainerInstances-20200222190120/operations/08586192087758954375",
    "operationId": "08586192087758954375",
    "properties": {
      "provisioningOperation": "EvaluateDeploymentOutput",
      "provisioningState": "Succeeded",
      "timestamp": "2020-02-22T19:03:05.2903722Z",
      "duration": "PT0.045171S",
      "trackingId": "fe1b52d4-236f-460d-aa03-daa1d1c900cf",
      "statusCode": "OK",
      "statusMessage": null
    }
  }
]