{
  "id": "/subscriptions/5173a77b-b2e8-46d5-badf-fc1b47f7e467/resourceGroups/MC_thesis_thesis_uksouth/providers/Microsoft.Resources/deployments/Microsoft.ContainerInstances-20200222190120",
  "name": "Microsoft.ContainerInstances-20200222190120",
  "type": "Microsoft.Resources/deployments",
  "tags": {
    "primaryResourceId": "/subscriptions/5173a77b-b2e8-46d5-badf-fc1b47f7e467/resourcegroups/MC_thesis_thesis_uksouth/providers/Microsoft.ContainerInstance/containerGroups/thesis",
    "marketplaceItemId": "Microsoft.ContainerInstances"
  },
  "properties": {
    "templateHash": "3885526776577245817",
    "parameters": {
      "location": {
        "type": "String",
        "value": "uksouth"
      },
      "containerName": {
        "type": "String",
        "value": "thesis"
      },
      "imageType": {
        "type": "String",
        "value": "Public"
      },
      "imageName": {
        "type": "String",
        "value": "poshsong/thesis:v3"
      },
      "osType": {
        "type": "String",
        "value": "Linux"
      },
      "numberCpuCores": {
        "type": "String",
        "value": "1"
      },
      "memory": {
        "type": "String",
        "value": "1.5"
      },
      "restartPolicy": {
        "type": "String",
        "value": "OnFailure"
      },
      "ipAddressType": {
        "type": "String",
        "value": "Public"
      },
      "ports": {
        "type": "Array",
        "value": [
          {
            "port": "80",
            "protocol": "TCP"
          }
        ]
      }
    },
    "mode": "Incremental",
    "debugSetting": {
      "detailLevel": "None"
    },
    "provisioningState": "Succeeded",
    "timestamp": "2020-02-22T19:03:05.3172109Z",
    "duration": "PT1M15.7350265S",
    "correlationId": "76a69d06-4693-41a3-accb-9d124935f47b",
    "providers": [
      {
        "namespace": "Microsoft.ContainerInstance",
        "resourceTypes": [
          {
            "resourceType": "containerGroups",
            "locations": [
              "uksouth"
            ]
          }
        ]
      }
    ],
    "dependencies": [],
    "outputResources": [
      {
        "id": "/subscriptions/5173a77b-b2e8-46d5-badf-fc1b47f7e467/resourceGroups/MC_thesis_thesis_uksouth/providers/Microsoft.ContainerInstance/containerGroups/thesis"
      }
    ],
    "validationLevel": "Template"
  }
}